election_dt,county_name,polling_place_id,polling_place_name,precinct_name,house_num,street_name,city,state,zip
11/08/2022,WAKE,1,BROOKS AVENUE CHURCH OF CHRIST,PRECINCT 01-01,700,BROOKS AVE,RALEIGH,NC,27607
11/08/2022,WAKE,10,WESTMINSTER PRESBYTERIAN CHURC,PRECINCT 01-10,301,WHITAKER MILL RD,RALEIGH,NC,27608
11/08/2022,WAKE,100,VANCE ELEMENTARY,PRECINCT 15-02,8808,OLD STAGE RD,RALEIGH,NC,27603
11/08/2022,WAKE,101,SPRINGFIELD BAPTIST CHURCH,PRECINCT 16-01,4309,AUBURN KNIGHTDALE RD,RALEIGH,NC,27610
11/08/2022,WAKE,102,CREECH ROAD ELEMENTARY SCHOOL,PRECINCT 16-02,450,CREECH RD,GARNER,NC,27529
11/08/2022,WAKE,103,GARNER ADVENT CHRISTIAN CHURCH,PRECINCT 16-03,1120,VANDORA SPRINGS RD,GARNER,NC,27529
11/08/2022,WAKE,104,AVERSBORO ELEMENTARY SCHOOL,PRECINCT 16-04,1605,AVERSBORO RD,GARNER,NC,27529
11/08/2022,WAKE,105,SMITH ELEMENTARY SCHOOL,PRECINCT 16-05,1101,MAXWELL DR,RALEIGH,NC,27603
11/08/2022,WAKE,106,SOUTHEAST REGIONAL LIBRARY,PRECINCT 16-06,908,SEVENTH AVE,GARNER,NC,27529
11/08/2022,WAKE,107,HEATHER HILLS CLUBHOUSE,PRECINCT 16-07,901,CLAYMORE DR,GARNER,NC,27529
11/08/2022,WAKE,108,WILBURN ELEMENTARY,PRECINCT 17-01,3707,MARSH CREEK RD,RALEIGH,NC,27604
11/08/2022,WAKE,109,KNIGHTDALE ELEMENTARY SCHOOL,PRECINCT 17-02,109,RIDGE ST,KNIGHTDALE,NC,27545
11/08/2022,WAKE,11,ROOT ELEMENTARY SCHOOL,PRECINCT 01-11,3202,NORTHAMPTON ST,RALEIGH,NC,27609
11/08/2022,WAKE,110,WILLOW OAK CLUBHOUSE,PRECINCT 17-03,4401,WILLOW OAK RD,RALEIGH,NC,27604
11/08/2022,WAKE,111,KNIGHTDALE UNITED METHODIST CH,PRECINCT 17-04,7071,FORESTVILLE RD,KNIGHTDALE,NC,27545
11/08/2022,WAKE,112,TRINITY PRESBYTERIAN CHURCH,PRECINCT 17-05,3120,NEW HOPE RD,RALEIGH,NC,27604
11/08/2022,WAKE,113,KNIGHTDALE FIRE STATION #3,PRECINCT 17-06,4828,CLIFTON RD,KNIGHTDALE,NC,27545
11/08/2022,WAKE,114,CENTENNIAL CAMPUS MAGNET MIDDL,PRECINCT 18-01,1900,MAIN CAMPUS DR,RALEIGH,NC,27606
11/08/2022,WAKE,115,FAIRVIEW BAPTIST CHURCH,PRECINCT 18-02,5608,TEN TEN RD,APEX,NC,27539
11/08/2022,WAKE,116,PINEY PLAIN CHRISTIAN CHURCH,PRECINCT 18-03,2801,PINEY PLAINS RD,CARY,NC,27518
11/08/2022,WAKE,117,YATES MILL ELEMENTARY,PRECINCT 18-04,5993,YATES MILL POND RD,RALEIGH,NC,27606
11/08/2022,WAKE,118,OAK GROVE ELEMENTARY SCHOOL,PRECINCT 18-05,10401,PENNY RD,RALEIGH,NC,27606
11/08/2022,WAKE,12,EMMANUEL BAPTIST CHURCH,PRECINCT 01-12,2100,NOBLE RD,RALEIGH,NC,27608
11/08/2022,WAKE,121,WAKE FOREST CHURCH OF GOD,PRECINCT 19-03,155,CEDAR AVE,WAKE FOREST,NC,27587
11/08/2022,WAKE,122,RICHLAND CREEK COMMUNITY CHURC,PRECINCT 19-20,3229,BURLINGTON MILLS RD,WAKE FOREST,NC,27587
11/08/2022,WAKE,123,LUFKIN ROAD MIDDLE SCHOOL,PRECINCT 20-01,1002,LUFKIN RD,APEX,NC,27539
11/08/2022,WAKE,125,JOHN M BROWN COMMUNITY CENTER,PRECINCT 20-03,53,HUNTER ST,APEX,NC,27502
11/08/2022,WAKE,126,DAVIS DRIVE MIDDLE SCHOOL,PRECINCT 20-04,2101,DAVIS DR,CARY,NC,27519
11/08/2022,WAKE,127,RESURRECTION LUTHERAN CHURCH,PRECINCT 20-05,100,LOCHMERE DR,CARY,NC,27518
11/08/2022,WAKE,13,ST MATTHEW AME CHURCH,PRECINCT 01-13,1629,BENNETT ST,RALEIGH,NC,27604
11/08/2022,WAKE,131,WAKE FOREST PRESBYTERIAN CHURC,PRECINCT 19-05,12605,CAPITAL BLVD,WAKE FOREST,NC,27587
11/08/2022,WAKE,132,WESTERN BOULEVARD PRESBYTERIAN,PRECINCT 01-48,4900,KAPLAN DR,RALEIGH,NC,27606
11/08/2022,WAKE,133,NORTHERN WAKE FIRE DEPARTMENT,PRECINCT 02-05,13116,NORWOOD RD,RALEIGH,NC,27614
11/08/2022,WAKE,134,NORTH RALEIGH CHURCH OF CHRIST,PRECINCT 02-06,8701,FALLS OF NEUSE RD,RALEIGH,NC,27615
11/08/2022,WAKE,137,BENSON MEMORIAL UNITED METHODI,PRECINCT 07-09,4706,CREEDMOOR RD,RALEIGH,NC,27612
11/08/2022,WAKE,138,PILGRIM PRESBYTERIAN CHURCH,PRECINCT 07-10,5420,EBENEZER CHURCH RD,RALEIGH,NC,27612
11/08/2022,WAKE,139,WAKE COUNTY COMMONS BUILDING,PRECINCT 17-07,4011,CARYA DR,RALEIGH,NC,27610
11/08/2022,WAKE,14,OPEN TABLE UNITED METHODIST CH,PRECINCT 01-14,824,BLOODWORTH ST,RALEIGH,NC,27604
11/08/2022,WAKE,140,DILLARD DRIVE ELEMENTARY SCHOO,PRECINCT 18-06,5018,DILLARD DR,RALEIGH,NC,27606
11/08/2022,WAKE,141,GREATER CHRISTIAN CHAPEL CHURC,PRECINCT 03-00,8013,HUMIE OLIVE RD,APEX,NC,27502
11/08/2022,WAKE,143,CARY FIRE STATION #1,PRECINCT 04-17,1501,HARRISON AVE,CARY,NC,27513
11/08/2022,WAKE,144,CARY ACADEMY,PRECINCT 04-18,1500,HARRISON AVE,CARY,NC,27513
11/08/2022,WAKE,145,COVENANT CHRISTIAN CHURCH,PRECINCT 04-19,2911,CARY PKWY,CARY,NC,27513
11/08/2022,WAKE,146,HODGE ROAD ELEMENTARY SCHOOL,PRECINCT 17-12,2128,MINGO BLUFF BLVD,KNIGHTDALE,NC,27545
11/08/2022,WAKE,148,RALEIGH VINEYARD CHRISTIAN FEL,PRECINCT 13-05,6894,LITCHFORD RD,RALEIGH,NC,27615
11/08/2022,WAKE,149,WEST LAKE MIDDLE SCHOOL,PRECINCT 12-10,4600,WEST LAKE RD,APEX,NC,27539
11/08/2022,WAKE,15,DOUGLAS ELEMENTARY SCHOOL,PRECINCT 01-15,600,ORTEGA RD,RALEIGH,NC,27609
11/08/2022,WAKE,150,WAKE COUNTY EASTERN REGIONAL C,PRECINCT 09-03,1002,DOGWOOD DR,ZEBULON,NC,27597
11/08/2022,WAKE,153,WOOD VALLEY SWIM AND RACQUET C,PRECINCT 08-07,10316,BOXELDER DR,RALEIGH,NC,27613
11/08/2022,WAKE,154,MACEDONIA NEW LIFE CHURCH,PRECINCT 01-50,2004,ROCK QUARRY RD,RALEIGH,NC,27610
11/08/2022,WAKE,155,PLYMOUTH CHURCH,PRECINCT 15-03,6104,ROCK SERVICE STATION RD,RALEIGH,NC,27603
11/08/2022,WAKE,156,RAND ROAD ELEMENTARY SCHOOL,PRECINCT 15-04,300,ARBOR GREENE DR,GARNER,NC,27529
11/08/2022,WAKE,157,BAUCOM ELEMENTARY SCHOOL,PRECINCT 20-08,400,HUNTER ST,APEX,NC,27502
11/08/2022,WAKE,158,ST ANDREW THE APOSTLE CATHOLIC,PRECINCT 20-09,3008,OLD RALEIGH RD,APEX,NC,27502
11/08/2022,WAKE,159,MID-WAY BAPTIST CHURCH,PRECINCT 18-07,6910,FAYETTEVILLE RD,RALEIGH,NC,27603
11/08/2022,WAKE,16,GLEN EDEN PILOT PARK COMM CNTR,PRECINCT 01-16,1500,GLEN EDEN DR,RALEIGH,NC,27612
11/08/2022,WAKE,160,SHA'AREI SHALOM CONGREGATION,PRECINCT 04-20,700,OLD APEX RD,CARY,NC,27513
11/08/2022,WAKE,161,UNITY OF THE TRIANGLE,PRECINCT 07-12,5570,MUNFORD RD,RALEIGH,NC,27612
11/08/2022,WAKE,162,SOUTH HILLS BAPTIST CHURCH,PRECINCT 18-08,6400,HOLLY SPRINGS RD,RALEIGH,NC,27606
11/08/2022,WAKE,164,J B FLAHERTY PARK COMMUNITY CT,PRECINCT 19-07,1226,WHITE ST,WAKE FOREST,NC,27587
11/08/2022,WAKE,166,NORTH BEND CLUBHOUSE,PRECINCT 01-51,5837,MAPLERIDGE RD,RALEIGH,NC,27609
11/08/2022,WAKE,167,GREYSTONE BAPTIST CHURCH,PRECINCT 07-11,7509,LEAD MINE RD,RALEIGH,NC,27615
11/08/2022,WAKE,168,DURHAM HIGHWAY FIRE STATION #1,PRECINCT 08-08,11905,NORWOOD RD,RALEIGH,NC,27613
11/08/2022,WAKE,169,ALL STS ANTIOCHIAN ORTHODOX CH,PRECINCT 01-49,520,BUCK JONES RD,RALEIGH,NC,27606
11/08/2022,WAKE,17,ST MARKS UNITED METHODIST CHUR,PRECINCT 01-17,4801,SIX FORKS RD,RALEIGH,NC,27609
11/08/2022,WAKE,170,WAKE COUNTY SOUTHERN REGIONAL,PRECINCT 12-06,130,JUDD PKWY,FUQUAY VARINA,NC,27526
11/08/2022,WAKE,171,CARY FIRE STATION #5,PRECINCT 20-10,2101,HIGH HOUSE RD,CARY,NC,27519
11/08/2022,WAKE,172,CARVER ELEMENTARY SCHOOL,PRECINCT 10-03,291,LILES DEAN RD,WENDELL,NC,27591
11/08/2022,WAKE,173,CENTRAL BAPTIST CHURCH,PRECINCT 10-05,11109,POOLE RD,WENDELL,NC,27591
11/08/2022,WAKE,174,IMAGO DEI CHURCH,PRECINCT 07-13,9200,STRICKLAND RD,RALEIGH,NC,27615
11/08/2022,WAKE,175,BODY OF CHRIST CHURCH,PRECINCT 13-07,4501,SPRING FOREST RD,RALEIGH,NC,27616
11/08/2022,WAKE,176,RALEIGH INTERNATIONAL CHURCH,PRECINCT 17-10,4020,CAPITAL BLVD,RALEIGH,NC,27604
11/08/2022,WAKE,177,DURANT ROAD ELEMENTARY SCHOOL,PRECINCT 13-06,9901,DURANT RD,RALEIGH,NC,27614
11/08/2022,WAKE,178,HARVEST CHURCH CARY,PRECINCT 04-21,505,REEDY CREEK RD,CARY,NC,27513
11/08/2022,WAKE,179,HILBURN DRIVE ACADEMY,PRECINCT 08-09,7100,HILBURN DR,RALEIGH,NC,27613
11/08/2022,WAKE,18,EASTGATE PARK COMMUNITY CENTER,PRECINCT 01-18,4200,QUAIL HOLLOW DR,RALEIGH,NC,27609
11/08/2022,WAKE,180,ABUNDANT LIFE CHRISTIAN CENTER,PRECINCT 17-09,4400,OLD POOLE RD,RALEIGH,NC,27610
11/08/2022,WAKE,181,CHANDELIER WEDDING AND EVENT V,PRECINCT 05-03,1077,DARRINGTON DR,CARY,NC,27513
11/08/2022,WAKE,182,BARWELL ROAD COMMUNITY CENTER,PRECINCT 16-10,5857,BARWELL PARK DR,RALEIGH,NC,27610
11/08/2022,WAKE,183,SOUTH GARNER HIGH SCHOOL,PRECINCT 16-09,8228,HEBRON CHURCH RD,GARNER,NC,27529
11/08/2022,WAKE,184,BANKS ROAD ELEMENTARY,PRECINCT 12-07,10225,CHAMBERS RD,RALEIGH,NC,27603
11/08/2022,WAKE,185,ST JAMES UNITED METHODIST CHUR,PRECINCT 17-11,3808,ST JAMES CHURCH RD,RALEIGH,NC,27604
11/08/2022,WAKE,188,BRIER CREEK COMMUNITY CENTER,PRECINCT 05-05,10810,GLOBE RD,RALEIGH,NC,27617
11/08/2022,WAKE,189,CARPENTER ELEMENTARY SCHOOL,PRECINCT 05-06,2100,MORRISVILLE PKWY,CARY,NC,27519
11/08/2022,WAKE,19,POE INTERNATIONAL MONTESSORI S,PRECINCT 01-19,400,PEYTON ST,RALEIGH,NC,27610
11/08/2022,WAKE,190,HUNT COMMUNITY CENTER,PRECINCT 06-04,301,STINSON AVE,HOLLY SPRINGS,NC,27540
11/08/2022,WAKE,191,HOLLY RIDGE MIDDLE SCHOOL,PRECINCT 06-05,950,HOLLY SPRINGS RD,HOLLY SPRINGS,NC,27540
11/08/2022,WAKE,192,HOLLY SPRINGS ELEMENTARY SCHOO,PRECINCT 06-06,401,HOLLY SPRINGS RD,HOLLY SPRINGS,NC,27540
11/08/2022,WAKE,193,TRIANGLE COMMUNITY CHURCH,PRECINCT 06-07,4216,KILDAIRE FARM RD,APEX,NC,27539
11/08/2022,WAKE,194,ST AUGUSTA MISSIONARY BAPTIST,PRECINCT 12-08,605,BRIDGE ST,FUQUAY VARINA,NC,27526
11/08/2022,WAKE,195,FUQUAY-VARINA HIGH SCHOOL,PRECINCT 12-09,201,BENGAL BLVD,FUQUAY VARINA,NC,27526
11/08/2022,WAKE,196,NEW BETHEL BAPTIST CHURCH,PRECINCT 19-09,605,YOUNG ST,ROLESVILLE,NC,27571
11/08/2022,WAKE,197,JONES DAIRY ELEMENTARY SCHOOL,PRECINCT 19-18,1100,JONES DAIRY RD,WAKE FOREST,NC,27587
11/08/2022,WAKE,198,WAKE FOREST COMMUNITY HOUSE,PRECINCT 19-11,133,OWEN AVE,WAKE FOREST,NC,27587
11/08/2022,WAKE,199,HERITAGE MIDDLE SCHOOL,PRECINCT 19-12,3400,ROGERS RD,WAKE FOREST,NC,27587
11/08/2022,WAKE,2,UNITARIAN UNIVERSALIST FELLOWS,PRECINCT 01-02,3313,WADE AVE,RALEIGH,NC,27607
11/08/2022,WAKE,20,ROBERTS PARK COMMUNITY CENTER,PRECINCT 01-20,1300,MARTIN ST,RALEIGH,NC,27610
11/08/2022,WAKE,200,UNITED CHURCH,PRECINCT 20-06A,820,WILLIAMS ST,APEX,NC,27502
11/08/2022,WAKE,201,ST MARY MAGDALENE CATHOLIC CHU,PRECINCT 20-06B,625,MAGDALA PL,APEX,NC,27502
11/08/2022,WAKE,203,HOLLY SPRINGS CULTURAL CENTER,PRECINCT 06-08,300,BALLENTINE ST,HOLLY SPRINGS,NC,27540
11/08/2022,WAKE,204,WAKE COUNTY FIREARMS EDUCATION,PRECINCT 06-09,3921,OLD HOLLY SPRINGS APEX RD,APEX,NC,27539
11/08/2022,WAKE,205,HOLLY GROVE ELEMENTARY SCHOOL,PRECINCT 06-10,1451,AVENT FERRY RD,HOLLY SPRINGS,NC,27540
11/08/2022,WAKE,206,LONG LAKE CLUBHOUSE,PRECINCT 08-11,7481,SILVER VIEW LN,RALEIGH,NC,27613
11/08/2022,WAKE,207,LEESVILLE ROAD HIGH SCHOOL,PRECINCT 08-10,8410,PRIDE WAY,RALEIGH,NC,27613
11/08/2022,WAKE,208,FOX ROAD ELEMENTARY SCHOOL,PRECINCT 13-08,7101,FOX RD,RALEIGH,NC,27616
11/08/2022,WAKE,209,WILDWOOD FOREST ELEMENTARY SCH,PRECINCT 13-09,8401,WILD WOOD FOREST DR,RALEIGH,NC,27616
11/08/2022,WAKE,21,CAROLINA PINES COMMUNITY CENTE,PRECINCT 01-21,2305,LAKE WHEELER RD,RALEIGH,NC,27603
11/08/2022,WAKE,210,BEDFORD AT FALLS RIVER CLUBHOU,PRECINCT 13-10,10630,BEDFORDTOWN DR,RALEIGH,NC,27614
11/08/2022,WAKE,211,THE GREENWAY CLUB AT FALLS RIV,PRECINCT 13-11,1300,FALLS RIVER AVE,RALEIGH,NC,27614
11/08/2022,WAKE,212,WAKEFIELD MIDDLE SCHOOL,PRECINCT 19-13,2300,WAKEFIELD PINES DR,RALEIGH,NC,27614
11/08/2022,WAKE,213,NORTH FOREST PINES ELEMENTARY,PRECINCT 19-14,11501,FOREST PINES DR,RALEIGH,NC,27614
11/08/2022,WAKE,214,NORTH WAKE COLLEGE AND CAREER,PRECINCT 19-15,931,DURHAM RD,WAKE FOREST,NC,27587
11/08/2022,WAKE,215,HARRIS CREEK ELEMENTARY SCHOOL,PRECINCT 19-16,3829,FORESTVILLE RD,RALEIGH,NC,27616
11/08/2022,WAKE,216,WAKE CROSS ROADS BAPTIST CHURC,PRECINCT 19-17,3328,FORESTVILLE RD,RALEIGH,NC,27616
11/08/2022,WAKE,217,BELLA CASA SIENA CLUBHOUSE,PRECINCT 20-11,2400,TERRMINI DR,APEX,NC,27502
11/08/2022,WAKE,218,OLIVE CHAPEL ELEMENTARY SCHOOL,PRECINCT 20-12,1751,OLIVE CHAPEL RD,APEX,NC,27502
11/08/2022,WAKE,22,SOUTHEAST RALEIGH MAGNET HIGH,PRECINCT 01-22,2600,ROCK QUARRY RD,RALEIGH,NC,27610
11/08/2022,WAKE,220,PARKSIDE ELEMENTARY SCHOOL,PRECINCT 05-07,332,PARKSIDE VALLEY DR,MORRISVILLE,NC,27560
11/08/2022,WAKE,221,HINDU SOCIETY OF NORTH CAROLIN,PRECINCT 05-08,309,AVIATION PKWY,MORRISVILLE,NC,27560
11/08/2022,WAKE,222,MILLS PARK ELEMENTARY SCHOOL,PRECINCT 20-16,509,MILLS PARK DR,CARY,NC,27519
11/08/2022,WAKE,223,WHITE OAK MISSIONARY BAPTIST C,PRECINCT 20-14,1621,WHITE OAK CHURCH RD,APEX,NC,27523
11/08/2022,WAKE,224,ALSTON RIDGE ELEMENTARY SCHOOL,PRECINCT 20-15,11555,GREEN LEVEL CHURCH RD,CARY,NC,27519
11/08/2022,WAKE,225,HIGHCROFT DRIVE ELEMENTARY SCH,PRECINCT 20-17,5415,HIGHCROFT DR,CARY,NC,27519
11/08/2022,WAKE,226,EAST GARNER ELEMENTARY SCHOOL,PRECINCT 16-11,5545,JONES SAUSAGE RD,GARNER,NC,27529
11/08/2022,WAKE,227,SANFORD CREEK ELEMENTARY SCHOO,PRECINCT 19-19,701,GRANITE FALLS BLVD,ROLESVILLE,NC,27571
11/08/2022,WAKE,228,GREEN PINES BAPTIST CHURCH,PRECINCT 17-13,1498,HODGE ROAD,KNIGHTDALE,NC,27545
11/08/2022,WAKE,229,ROLESVILLE MIDDLE SCHOOL,PRECINCT 19-21,4700,BURLINGTON MILLS RD,ROLESVILLE,NC,27571
11/08/2022,WAKE,23,PULLEN COMMUNITY CENTER,PRECINCT 01-23,408,ASHE AVE,RALEIGH,NC,27606
11/08/2022,WAKE,230,LAKE MYRA ELEMENTARY SCHOOL,PRECINCT 10-06,1300,ELK FALLS DR,WENDELL,NC,27591
11/08/2022,WAKE,231,HILLTOP NEEDMORE TOWN PARK AND,PRECINCT 12-11,4621,SHADY GREENS DR,FUQUAY VARINA,NC,27526
11/08/2022,WAKE,24,WALNUT TERRACE,PRECINCT 01-25,1256,MCCAULEY ST,RALEIGH,NC,27601
11/08/2022,WAKE,25,JOHN CHAVIS MEMORIAL PARK COMM,PRECINCT 01-26,505,MARTIN L KING JR BLVD,RALEIGH,NC,27601
11/08/2022,WAKE,26,PROJECT ENLIGHTENMENT,PRECINCT 01-27,501,BOYLAN AVE,RALEIGH,NC,27603
11/08/2022,WAKE,27,POWELL ELEMENTARY SCHOOL,PRECINCT 01-28,1130,MARLBOROUGH RD,RALEIGH,NC,27610
11/08/2022,WAKE,28,LACY ELEMENTARY SCHOOL,PRECINCT 01-29,2001,LAKE BOONE TRL,RALEIGH,NC,27607
11/08/2022,WAKE,29,BROOKS MUSEUMS MAGNET ELEMENTA,PRECINCT 01-30,700,NORTHBROOK DR,RALEIGH,NC,27609
11/08/2022,WAKE,3,ST JOHNS BAPTIST CHURCH,PRECINCT 01-03,1615,OBERLIN RD,RALEIGH,NC,27608
11/08/2022,WAKE,30,AVENT FERRY UNITED METHODIST C,PRECINCT 01-31,2700,AVENT FERRY RD,RALEIGH,NC,27606
11/08/2022,WAKE,31,THOMAS G CROWDER WOODLAND CENT,PRECINCT 01-32,5611,JAGUAR PARK DR,RALEIGH,NC,27606
11/08/2022,WAKE,32,MARTIN GT MAGNET MIDDLE SCHOOL,PRECINCT 01-33,1701,RIDGE RD,RALEIGH,NC,27607
11/08/2022,WAKE,33,TARBORO ROAD COMMUNITY CENTER,PRECINCT 01-34,121,TARBORO ST,RALEIGH,NC,27610
11/08/2022,WAKE,34,CARNAGE MIDDLE SCHOOL,PRECINCT 01-35,1425,CARNAGE DR,RALEIGH,NC,27610
11/08/2022,WAKE,35,KIWANIS PARK AND NEIGHBORHOOD,PRECINCT 01-36,2525,NOBLE RD,RALEIGH,NC,27608
11/08/2022,WAKE,36,HUDSON MEMORIAL PRESBYTERIAN C,PRECINCT 01-37,4921,SIX FORKS RD,RALEIGH,NC,27609
11/08/2022,WAKE,37,BRENTWOOD ELEMENTARY SCHOOL,PRECINCT 01-38,3426,INGRAM DR,RALEIGH,NC,27604
11/08/2022,WAKE,38,OPTIMIST PARK COMMUNITY CENTER,PRECINCT 01-39,5900,WHITTIER DR,RALEIGH,NC,27609
11/08/2022,WAKE,39,WORTHDALE COMMUNITY CENTER,PRECINCT 01-40,1001,COOPER RD,RALEIGH,NC,27610
11/08/2022,WAKE,4,OBERLIN MAGNET MIDDLE SCHOOL,PRECINCT 01-04,2816,OBERLIN RD,RALEIGH,NC,27608
11/08/2022,WAKE,40,COMBS LEADERSHIP MAGNET ELEMEN,PRECINCT 01-41,2001,LORIMER RD,RALEIGH,NC,27606
11/08/2022,WAKE,41,MILLBROOK EXCHANGE PARK COMMUN,PRECINCT 01-42,1905,SPRING FOREST RD,RALEIGH,NC,27615
11/08/2022,WAKE,42,ST RAPHAEL CATHOLIC CHURCH,PRECINCT 01-43,5801,FALLS OF NEUSE RD,RALEIGH,NC,27609
11/08/2022,WAKE,43,MILLBROOK ELEMENTARY MAGNET SC,PRECINCT 01-44,1520,MILLBROOK RD,RALEIGH,NC,27609
11/08/2022,WAKE,44,CHRIST BAPTIST CHURCH,PRECINCT 01-45,400,NEWTON RD,RALEIGH,NC,27615
11/08/2022,WAKE,45,GREEN ROAD PARK COMMUNITY CENT,PRECINCT 01-46,4201,GREEN RD,RALEIGH,NC,27604
11/08/2022,WAKE,46,MOUNT VERNON BAPTIST CHURCH,PRECINCT 01-47,7600,FALLS OF NEUSE RD,RALEIGH,NC,27615
11/08/2022,WAKE,47,BAILEYWICK ROAD ELEMENTARY SCH,PRECINCT 02-01,9425,BAILEYWICK RD,RALEIGH,NC,27615
11/08/2022,WAKE,48,PLEASANT UNION ELEMENTARY SCHO,PRECINCT 02-02,1900,PLEASANT UNION CHURCH RD,RALEIGH,NC,27614
11/08/2022,WAKE,49,BLUE JAY POINT COUNTY PARK,PRECINCT 02-03,3200,PLEASANT UNION CHURCH RD,RALEIGH,NC,27614
11/08/2022,WAKE,5,WHITE MEMORIAL PRESBYTERIAN CH,PRECINCT 01-05,2010,MCDONALD LN,RALEIGH,NC,27608
11/08/2022,WAKE,50,BRASSFIELD ELEMENTARY SCHOOL,PRECINCT 02-04,2001,BRASSFIELD RD,RALEIGH,NC,27614
11/08/2022,WAKE,52,CARY PRESBYTERIAN CHURCH,PRECINCT 04-01,614,GRIFFIS ST,CARY,NC,27511
11/08/2022,WAKE,53,CHRIST THE KING LUTHERAN CHURC,PRECINCT 04-02,600,WALNUT ST,CARY,NC,27511
11/08/2022,WAKE,54,CARY FIRE STATION # 9,PRECINCT 04-03,1427,WALNUT ST,CARY,NC,27511
11/08/2022,WAKE,55,BRIARCLIFF ELEMENTARY SCHOOL,PRECINCT 04-04,1220,POND ST,CARY,NC,27511
11/08/2022,WAKE,56,REEDY CREEK ELEMENTARY SCHOOL,PRECINCT 04-05,940,REEDY CREEK RD,CARY,NC,27513
11/08/2022,WAKE,57,FARMINGTON WOODS ELEM SCHOOL,PRECINCT 04-06,1413,HAMPTON VALLEY RD,CARY,NC,27511
11/08/2022,WAKE,58,FELLOWSHIP OF CHRIST PRESBYTER,PRECINCT 04-07,1788,KILDAIRE FARM RD,CARY,NC,27511
11/08/2022,WAKE,59,CARY FIRST CHRISTIAN CHURCH,PRECINCT 04-08,1109,EVANS RD,CARY,NC,27513
11/08/2022,WAKE,6,OBERLIN REGIONAL LIBRARY,PRECINCT 01-06,1930,CLARK AVE,RALEIGH,NC,27605
11/08/2022,WAKE,60,WEATHERSTONE ELEMENTARY SCHOOL,PRECINCT 04-09,1000,OLDE WEATHERSTONE WAY,CARY,NC,27513
11/08/2022,WAKE,61,LAUREL PARK ELEMENTARY SCHOOL,PRECINCT 04-10,2450,LAURA DUNCAN RD,APEX,NC,27523
11/08/2022,WAKE,62,ADAMS ELEMENTARY SCHOOL,PRECINCT 04-12,805,CARY TOWNE BLVD,CARY,NC,27511
11/08/2022,WAKE,63,HERBERT C YOUNG COMMUNITY CENT,PRECINCT 04-11,101,WILKINSON AVE,CARY,NC,27513
11/08/2022,WAKE,64,LIFEPOINTE CHURCH,PRECINCT 04-13,590,WESTHIGH ST,CARY,NC,27513
11/08/2022,WAKE,65,BETHEL BAPTIST CARY,PRECINCT 04-14,1111,CHATHAM ST,CARY,NC,27511
11/08/2022,WAKE,66,GOOD SHEPHERD UNITED CHURCH OF,PRECINCT 04-15,1050,MAYNARD RD,CARY,NC,27513
11/08/2022,WAKE,67,IGLESIA CRISTIANA DE CARY,PRECINCT 04-16,555,MAYNARD RD,CARY,NC,27511
11/08/2022,WAKE,68,MORRISVILLE ELEMENTARY SCHOOL,PRECINCT 05-01,1519,MORRISVILLE PKWY,MORRISVILLE,NC,27560
11/08/2022,WAKE,7,EDENTON STREET UNITED METHODIS,PRECINCT 01-07,301,JONES ST,RALEIGH,NC,27603
11/08/2022,WAKE,70,ST GILES PRESBYTERIAN CHURCH,PRECINCT 07-01,5101,OAK PARK RD,RALEIGH,NC,27612
11/08/2022,WAKE,71,JEFFREYS GROVE ELEMENTARY SCHO,PRECINCT 07-02,6119,CREEDMOOR RD,RALEIGH,NC,27612
11/08/2022,WAKE,72,SHELLEY LAKE SERTOMA PARK,PRECINCT 07-03,1400,MILLBROOK RD,RALEIGH,NC,27612
11/08/2022,WAKE,73,LYNN ROAD ELEMENTARY SCHOOL,PRECINCT 07-04,1601,LYNN RD,RALEIGH,NC,27612
11/08/2022,WAKE,74,RAVENSCROFT SCHOOL,PRECINCT 07-05,7409,FALLS OF NEUSE RD,RALEIGH,NC,27615
11/08/2022,WAKE,75,LEAD MINE ELEMENTARY SCHOOL,PRECINCT 07-06,8301,OLD LEAD MINE RD,RALEIGH,NC,27615
11/08/2022,WAKE,76,GOOD SHEPHERD LUTHERAN CHURCH,PRECINCT 07-07,7000,CREEDMOOR RD,RALEIGH,NC,27613
11/08/2022,WAKE,77,SPRINGMOOR RETIREMENT COMMUNIT,PRECINCT 07-07A,1500,SAWMILL RD,RALEIGH,NC,27615
11/08/2022,WAKE,79,SOUTHBRIDGE FELLOWSHIP,PRECINCT 08-02,12621,STRICKLAND RD,RALEIGH,NC,27613
11/08/2022,WAKE,8,SAINT SAVIOUR'S CENTER,PRECINCT 01-07A,616,TUCKER ST,RALEIGH,NC,27603
11/08/2022,WAKE,80,SYCAMORE CREEK ELEMENTARY,PRECINCT 08-03,10921,LEESVILLE RD,RALEIGH,NC,27613
11/08/2022,WAKE,81,SOAPSTONE UNITED METHODIST CHU,PRECINCT 08-04,12837,NORWOOD RD,RALEIGH,NC,27613
11/08/2022,WAKE,82,BARTON POND ELEMENTARY SCHOOL,PRECINCT 08-05,12004,STRICKLAND RD,RALEIGH,NC,27613
11/08/2022,WAKE,83,LAKE LYNN COMMUNITY CENTER,PRECINCT 08-06,7921,RAY RD,RALEIGH,NC,27613
11/08/2022,WAKE,84,HOPKINS RURAL FIRE DEPT,PRECINCT 09-01,8933,FOWLER RD,ZEBULON,NC,27597
11/08/2022,WAKE,85,ZEBULON COMMUNITY CENTER,PRECINCT 09-02,301,ARENDELL AVE,ZEBULON,NC,27597
11/08/2022,WAKE,86,EAST WAKE HIGH SCHOOL,PRECINCT 10-01,5101,ROLESVILLE RD,WENDELL,NC,27591
11/08/2022,WAKE,87,WENDELL MIDDLE SCHOOL,PRECINCT 10-02,3409,NC 97 HWY,WENDELL,NC,27591
11/08/2022,WAKE,88,LINCOLNVILLE AME CHURCH,PRECINCT 11-01,6400,CHAPEL HILL RD,RALEIGH,NC,27607
11/08/2022,WAKE,89,ST PAUL'S CHRISTIAN CHURCH,PRECINCT 11-02,3331,BLUE RIDGE RD,RALEIGH,NC,27612
11/08/2022,WAKE,9,OUR SAVIOR LUTHERAN CHURCH,PRECINCT 01-09,1500,GLENWOOD AVE,RALEIGH,NC,27608
11/08/2022,WAKE,90,BALLENTINE ELEMENTARY SCHOOL,PRECINCT 12-01,1651,MCLAURIN LN,FUQUAY VARINA,NC,27526
11/08/2022,WAKE,91,FUQUAY VARINA COMMUNITY CENTER,PRECINCT 12-02,820,MAIN ST,FUQUAY VARINA,NC,27526
11/08/2022,WAKE,93,WILLOW SPRINGS ELEMENTARY SCHO,PRECINCT 12-04,6800,DWIGHT ROWLAND RD,WILLOW SPRING,NC,27592
11/08/2022,WAKE,94,SAINT MATTHEW BAPTIST CHURCH,PRECINCT 13-01,5410,LOUISBURG RD,RALEIGH,NC,27616
11/08/2022,WAKE,95,DURANT ROAD MIDDLE SCHOOL,PRECINCT 13-02,10401,DURANT RD,RALEIGH,NC,27614
11/08/2022,WAKE,97,OLIVE GROVE BAPTIST CHURCH,PRECINCT 14-01,3024,OLIVE GROVE CHURCH RD,CREEDMOOR,NC,27522
11/08/2022,WAKE,98,NORTHERN WAKE FIRE DEPARTMENT,PRECINCT 14-02,7045,STONY HILL RD,WAKE FOREST,NC,27587
11/08/2022,WAKE,99,TURNER MEMORIAL BAPTIST CHURCH,PRECINCT 15-01,3704,BENSON RD,GARNER,NC,27529
